{
    "random_state": 42,
    "samples": {
        "train": 116986,
        "val": 15000,
        "test": 20000
    },
    "class_distribution": {
        "train": {
            "0": 0.5,
            "1": 0.5
        },
        "val": {
            "0": 0.8999333333333334,
            "1": 0.10006666666666666
        },
        "test": {
            "0": 0.8999,
            "1": 0.1001
        }
    }
}