{
    "random_state": 42,
    "samples": {
        "train": 116987,
        "val": 26997,
        "test": 35996
    },
    "class_distribution": {
        "train": {
            "1": 0.50000427397916,
            "0": 0.4999957260208399
        },
        "val": {
            "0": 0.5000185205763603,
            "1": 0.4999814794236397
        },
        "test": {
            "0": 0.5,
            "1": 0.5
        }
    }
}