{
    "timestamp": "2026-02-24T17:48:24.989951",
    "selected_model": "Logistic_Regression",
    "selection_criteria": "Validation sweep: maximize Val_F1 across precision constraints [0.5, 0.6, 0.7], tie-break by Val_Recall then Val_PR_AUC",
    "selected_precision_constraint": 0.7,
    "threshold": 0.55,
    "best_params": {
        "C": 0.0019517224641449498,
        "penalty": "l2"
    },
    "cv_best_recall": 0.9999487100579576,
    "val_metrics": {
        "precision": 0.7027568922305765,
        "recall": 0.9340439706862091,
        "f1": 0.8020594965675057,
        "pr_auc": 0.933236724410039
    }
}